Order_ID,Product_Name,Category,Quantity,Price,Order_Date,Customer_Age,Region
O0001,Smartphone,Accessories,3,80.72,2024-03-22 21:55:21.670874,25,East
O0002,Pants,Fashion,3,85.31,2024-01-06 21:55:21.670932,40,West
O0003,Laptop,Electronics,4,11.45,2024-01-19 21:55:21.671273,43,West
O0004,Smartphone,Fashion,2,55.94,2024-07-28 21:55:21.671360,30,East
O0005,Headphones,Fashion,3,78.78,2024-10-08 21:55:21.671440,24,South
O0006,Laptop,Fashion,4,60.46,2024-01-27 21:55:21.671739,30,South
O0007,Headphones,Fashion,3,49.1,2024-08-07 21:55:21.671793,52,South
O0008,Smartphone,Fashion,2,87.69,2024-04-06 21:55:21.671843,22,North
O0009,Smartphone,Accessories,3,14.36,2024-02-20 21:55:21.671890,18,West
O0010,Shoes,Electronics,2,30.78,2024-08-20 21:55:21.671928,38,South
O0011,Smartphone,Accessories,1,42.81,2024-08-05 21:55:21.671969,20,South
O0012,Watch,Fashion,2,79.45,2024-01-12 21:55:21.672012,38,North
O0013,Headphones,Accessories,1,40.26,2024-09-01 21:55:21.672050,40,West
O0014,Watch,Fashion,1,64.27,2024-05-16 21:55:21.672080,30,East
O0015,Laptop,Accessories,2,78.65,2023-12-29 21:55:21.672118,27,North
O0016,Headphones,Fashion,3,22.45,2024-06-13 21:55:21.672159,56,East
O0017,Pants,Accessories,3,28.72,2024-08-07 21:55:21.672213,41,North
O0018,Laptop,Accessories,2,90.65,2024-11-20 21:55:21.672258,37,West
O0019,Smartphone,Electronics,4,92.39,2024-02-10 21:55:21.672304,26,East
O0020,Shoes,Electronics,4,55.27,2024-10-16 21:55:21.672349,36,South
O0021,Pants,Fashion,3,76.05,2024-10-17 21:55:21.672385,31,North
O0022,Shoes,Fashion,4,31.5,2024-08-21 21:55:21.672424,35,North
O0023,Laptop,Fashion,2,45.88,2024-06-11 21:55:21.672455,18,North
O0024,Laptop,Electronics,2,59.88,2024-11-21 21:55:21.672495,47,North
O0025,T-Shirt,Accessories,3,38.39,2024-09-14 21:55:21.672532,57,West
O0026,Headphones,Electronics,2,75.06,2024-02-19 21:55:21.672562,47,East
O0027,T-Shirt,Accessories,4,84.77,2024-12-09 21:55:21.672599,58,North
O0028,Laptop,Accessories,1,34.68,2024-08-07 21:55:21.672649,30,East
O0029,Smartphone,Electronics,3,61.23,2024-10-28 21:55:21.672692,29,East
O0030,Headphones,Electronics,2,30.8,2024-02-20 21:55:21.672721,38,East
O0031,Laptop,Fashion,1,99.25,2024-12-17 21:55:21.672757,56,South
O0032,Shoes,Accessories,2,17.1,2024-10-31 21:55:21.672816,42,South
O0033,Shoes,Accessories,4,24.49,2024-10-15 21:55:21.672880,21,South
O0034,Watch,Accessories,3,45.56,2024-01-19 21:55:21.672946,34,South
O0035,T-Shirt,Accessories,4,52.52,2024-02-08 21:55:21.673011,59,West
O0036,Pants,Fashion,1,39.56,2024-10-01 21:55:21.673052,37,North
O0037,T-Shirt,Electronics,1,27.39,2024-04-12 21:55:21.673085,24,South
O0038,T-Shirt,Electronics,1,69.79,2024-07-30 21:55:21.673117,46,East
O0039,Shoes,Electronics,3,36.38,2024-02-25 21:55:21.673511,50,East
O0040,Watch,Fashion,3,78.65,2024-02-13 21:55:21.673563,34,North
O0041,T-Shirt,Electronics,2,94.88,2024-02-10 21:55:21.673592,31,East
O0042,T-Shirt,Fashion,2,19.2,2024-03-06 21:55:21.673620,23,South
O0043,Pants,Accessories,3,87.73,2024-03-13 21:55:21.673646,47,North
O0044,Pants,Accessories,3,55.48,2024-11-01 21:55:21.673672,46,South
O0045,Pants,Electronics,1,89.56,2024-08-31 21:55:21.673699,41,East
O0046,Headphones,Fashion,1,11.74,2024-11-09 21:55:21.673725,30,North
O0047,Laptop,Accessories,2,75.84,2024-07-04 21:55:21.673752,32,South
O0048,Smartphone,Accessories,4,53.25,2024-10-01 21:55:21.673778,50,East
O0049,T-Shirt,Accessories,3,39.26,2023-12-28 21:55:21.673804,39,South
O0050,Headphones,Accessories,1,74.46,2024-01-02 21:55:21.673830,24,South
O0051,Pants,Accessories,4,12.54,2024-08-04 21:55:21.673856,21,East
O0052,Pants,Electronics,2,64.67,2024-05-23 21:55:21.673882,38,South
O0053,Smartphone,Fashion,1,73.15,2024-04-06 21:55:21.673908,37,West
O0054,Smartphone,Fashion,3,17.72,2023-12-30 21:55:21.673934,29,West
O0055,Headphones,Fashion,4,13.55,2024-10-02 21:55:21.673960,54,North
O0056,Shoes,Accessories,3,29.5,2024-07-24 21:55:21.673989,43,South
O0057,T-Shirt,Electronics,3,45.68,2024-02-05 21:55:21.674015,38,South
O0058,Smartphone,Accessories,2,72.55,2024-02-13 21:55:21.674042,24,East
O0059,Shoes,Accessories,2,48.6,2024-04-21 21:55:21.674074,49,East
O0060,Pants,Accessories,1,23.05,2023-12-31 21:55:21.674100,55,West
O0061,Smartphone,Accessories,3,81.33,2024-01-09 21:55:21.674125,39,North
O0062,Shoes,Accessories,4,71.99,2024-02-19 21:55:21.674150,59,South
O0063,Smartphone,Electronics,2,34.38,2024-04-12 21:55:21.674176,27,East
O0064,Headphones,Accessories,1,54.59,2023-12-28 21:55:21.674201,38,East
O0065,Pants,Fashion,3,49.38,2024-08-27 21:55:21.674226,48,South
O0066,Laptop,Electronics,2,88.76,2024-01-01 21:55:21.674251,33,North
O0067,Pants,Fashion,4,68.9,2024-04-12 21:55:21.674276,32,East
O0068,Headphones,Fashion,2,38.39,2024-06-17 21:55:21.674302,37,East
O0069,Headphones,Electronics,2,74.72,2024-02-04 21:55:21.674328,55,South
O0070,Pants,Fashion,3,39.2,2024-08-01 21:55:21.674352,47,West
O0071,Watch,Fashion,1,73.41,2024-04-03 21:55:21.674377,45,East
O0072,Headphones,Fashion,4,36.61,2024-09-30 21:55:21.674403,57,East
O0073,Laptop,Electronics,3,64.4,2024-03-28 21:55:21.674437,29,West
O0074,T-Shirt,Fashion,4,80.93,2024-10-09 21:55:21.674462,33,South
O0075,T-Shirt,Fashion,2,51.81,2024-04-20 21:55:21.674488,33,East
O0076,Pants,Accessories,1,18.56,2024-06-13 21:55:21.674513,37,East
O0077,Shoes,Fashion,2,24.74,2024-12-12 21:55:21.674537,48,North
O0078,Headphones,Electronics,2,20.65,2024-01-08 21:55:21.674572,28,North
O0079,T-Shirt,Fashion,4,33.93,2024-06-20 21:55:21.674599,27,West
O0080,Shoes,Electronics,4,64.49,2024-02-10 21:55:21.674623,59,North
O0081,T-Shirt,Electronics,4,70.29,2024-08-06 21:55:21.674648,41,North
O0082,Headphones,Accessories,1,74.48,2024-09-28 21:55:21.674673,53,West
O0083,Smartphone,Accessories,3,84.35,2024-03-25 21:55:21.674698,28,West
O0084,Pants,Accessories,4,51.37,2024-08-04 21:55:21.674723,54,West
O0085,Smartphone,Fashion,4,53.15,2024-01-09 21:55:21.674747,18,North
O0086,Watch,Accessories,2,34.39,2024-04-20 21:55:21.674771,29,North
O0087,Shoes,Fashion,2,26.65,2024-10-19 21:55:21.674796,58,South
O0088,T-Shirt,Fashion,1,47.34,2024-09-04 21:55:21.674820,31,West
O0089,Laptop,Fashion,4,18.07,2024-10-11 21:55:21.674844,59,West
O0090,Smartphone,Accessories,4,33.05,2024-10-22 21:55:21.674869,44,East
O0091,Pants,Accessories,4,53.13,2024-08-05 21:55:21.674892,44,North
O0092,Laptop,Electronics,1,88.94,2024-07-09 21:55:21.674917,32,West
O0093,Pants,Fashion,4,14.47,2024-08-12 21:55:21.674941,37,North
O0094,T-Shirt,Electronics,2,99.44,2024-07-26 21:55:21.674967,34,East
O0095,Pants,Fashion,2,32.4,2024-10-17 21:55:21.674991,36,East
O0096,Pants,Fashion,3,58.08,2024-03-27 21:55:21.675015,30,East
O0097,Smartphone,Fashion,3,10.2,2024-08-25 21:55:21.675039,20,North
O0098,Laptop,Electronics,2,51.56,2024-02-27 21:55:21.675064,24,West
O0099,Headphones,Electronics,3,85.65,2024-08-31 21:55:21.675088,49,West
O0100,Headphones,Fashion,4,89.98,2024-06-02 21:55:21.675112,25,South
O0101,Smartphone,Accessories,3,22.41,2024-12-03 21:55:21.675137,34,South
O0102,Smartphone,Accessories,1,72.96,2024-02-06 21:55:21.675163,21,North
O0103,Smartphone,Accessories,4,96.85,2024-07-25 21:55:21.675188,54,West
O0104,Headphones,Electronics,2,41.75,2024-08-08 21:55:21.675213,38,South
O0105,T-Shirt,Electronics,2,48.98,2024-10-18 21:55:21.675238,32,North
O0106,Pants,Fashion,2,45.67,2024-08-09 21:55:21.675263,55,South
O0107,Shoes,Fashion,2,32.2,2024-09-24 21:55:21.675289,21,West
O0108,Smartphone,Electronics,1,13.67,2024-03-07 21:55:21.675314,31,East
O0109,Laptop,Fashion,3,44.17,2024-11-29 21:55:21.675339,49,South
O0110,Shoes,Fashion,3,35.05,2024-12-11 21:55:21.675365,52,North
O0111,Headphones,Accessories,3,40.41,2024-07-20 21:55:21.675390,28,North
O0112,Headphones,Electronics,3,32.28,2024-07-06 21:55:21.675415,23,South
O0113,Smartphone,Accessories,2,52.1,2024-01-14 21:55:21.675440,21,East
O0114,Smartphone,Fashion,4,52.93,2024-08-04 21:55:21.675464,22,South
O0115,Laptop,Fashion,2,23.95,2024-05-13 21:55:21.675489,31,East
O0116,Smartphone,Accessories,3,15.5,2024-07-28 21:55:21.675514,55,South
O0117,Watch,Fashion,3,15.82,2024-01-28 21:55:21.675540,58,South
O0118,Headphones,Electronics,4,69.66,2024-11-25 21:55:21.675571,30,West
O0119,Watch,Fashion,4,88.07,2024-09-17 21:55:21.675598,47,West
O0120,Watch,Accessories,3,87.08,2024-05-08 21:55:21.675623,58,North
O0121,Pants,Fashion,2,19.54,2024-04-01 21:55:21.675649,44,East
O0122,Pants,Electronics,3,23.88,2024-07-03 21:55:21.675675,40,West
O0123,Watch,Electronics,3,48.59,2024-07-16 21:55:21.675702,19,South
O0124,Laptop,Fashion,1,27.25,2024-04-27 21:55:21.675737,31,North
O0125,Shoes,Fashion,4,87.14,2024-09-09 21:55:21.675763,43,East
O0126,Pants,Accessories,3,37.34,2024-08-03 21:55:21.675792,40,South
O0127,Shoes,Electronics,2,38.47,2024-05-30 21:55:21.675817,42,West
O0128,Headphones,Fashion,2,57.39,2024-07-19 21:55:21.675842,59,East
O0129,Smartphone,Electronics,2,47.61,2024-06-30 21:55:21.675867,28,South
O0130,Headphones,Electronics,3,35.18,2024-10-08 21:55:21.675893,19,East
O0131,Headphones,Electronics,1,30.17,2024-04-04 21:55:21.675919,48,North
O0132,T-Shirt,Accessories,2,70.24,2024-05-04 21:55:21.675944,50,North
O0133,Shoes,Accessories,2,92.39,2024-12-23 21:55:21.675969,50,North
O0134,Watch,Electronics,4,25.34,2024-06-02 21:55:21.675995,18,East
O0135,Smartphone,Accessories,3,49.27,2024-03-18 21:55:21.676021,50,South
O0136,Pants,Accessories,4,26.49,2024-04-06 21:55:21.676048,30,North
O0137,T-Shirt,Electronics,2,98.51,2024-03-23 21:55:21.676074,36,North
O0138,Pants,Fashion,3,28.38,2024-01-05 21:55:21.676099,38,North
O0139,Pants,Electronics,2,10.02,2024-07-28 21:55:21.676124,35,East
O0140,T-Shirt,Electronics,4,46.1,2024-08-24 21:55:21.676150,25,North
O0141,Smartphone,Fashion,2,69.05,2024-12-16 21:55:21.676178,55,North
O0142,Headphones,Accessories,4,67.28,2024-12-14 21:55:21.676204,21,South
O0143,Laptop,Fashion,2,24.3,2024-07-29 21:55:21.676230,51,West
O0144,Shoes,Electronics,1,19.93,2024-05-31 21:55:21.676254,24,West
O0145,Smartphone,Electronics,3,41.11,2024-02-28 21:55:21.676279,29,East
O0146,Headphones,Electronics,4,32.57,2024-08-11 21:55:21.676304,37,North
O0147,Shoes,Electronics,4,26.02,2024-06-02 21:55:21.676331,54,East
O0148,Shoes,Electronics,4,11.61,2024-05-11 21:55:21.676356,49,South
O0149,Shoes,Electronics,4,68.24,2024-01-24 21:55:21.676381,42,South
O0150,Watch,Fashion,3,80.61,2024-08-04 21:55:21.676406,39,East
O0151,Headphones,Electronics,3,58.02,2024-08-19 21:55:21.676430,43,South
O0152,T-Shirt,Accessories,2,97.0,2024-12-04 21:55:21.676455,48,South
O0153,Watch,Accessories,3,47.91,2024-10-08 21:55:21.676480,39,South
O0154,Smartphone,Electronics,4,63.71,2024-06-24 21:55:21.676506,21,South
O0155,Watch,Accessories,2,88.62,2024-08-19 21:55:21.676532,19,East
O0156,Shoes,Fashion,2,38.08,2024-09-21 21:55:21.676557,34,West
O0157,Smartphone,Accessories,2,60.83,2024-06-30 21:55:21.676582,49,East
O0158,Pants,Electronics,2,98.72,2024-07-30 21:55:21.676609,56,South
O0159,Pants,Accessories,2,40.87,2024-05-11 21:55:21.676634,27,South
O0160,Shoes,Fashion,3,15.24,2024-05-31 21:55:21.676659,31,South
O0161,T-Shirt,Accessories,3,72.16,2024-04-08 21:55:21.676684,29,South
O0162,T-Shirt,Fashion,3,20.81,2024-01-24 21:55:21.676708,39,East
O0163,Pants,Electronics,3,50.26,2023-12-30 21:55:21.676738,53,West
O0164,Pants,Electronics,2,53.89,2024-11-27 21:55:21.676764,46,North
O0165,Headphones,Fashion,2,91.07,2024-10-31 21:55:21.676788,43,West
O0166,Watch,Fashion,4,27.89,2024-06-19 21:55:21.676815,22,West
O0167,Headphones,Electronics,4,32.96,2024-06-10 21:55:21.676840,51,West
O0168,T-Shirt,Accessories,1,94.23,2024-09-19 21:55:21.676865,28,North
O0169,Shoes,Fashion,3,25.85,2024-09-19 21:55:21.676892,43,East
O0170,Pants,Fashion,2,91.51,2024-04-14 21:55:21.676924,25,South
O0171,Smartphone,Electronics,4,57.32,2024-05-03 21:55:21.676954,59,West
O0172,Shoes,Accessories,2,18.14,2024-11-12 21:55:21.676979,26,North
O0173,T-Shirt,Accessories,1,54.29,2024-04-18 21:55:21.677003,31,North
O0174,Smartphone,Fashion,4,30.3,2024-09-08 21:55:21.677029,21,North
O0175,Watch,Fashion,2,97.01,2024-02-14 21:55:21.677053,28,North
O0176,Laptop,Electronics,1,98.25,2024-01-22 21:55:21.677078,34,South
O0177,Smartphone,Electronics,4,27.17,2024-09-23 21:55:21.677103,23,South
O0178,Watch,Accessories,3,47.76,2024-08-19 21:55:21.677129,34,East
O0179,Shoes,Fashion,4,60.63,2024-08-12 21:55:21.677154,35,West
O0180,Headphones,Fashion,2,23.79,2024-11-12 21:55:21.677181,45,West
O0181,Smartphone,Electronics,1,29.58,2024-01-01 21:55:21.677207,21,North
O0182,Laptop,Fashion,3,90.73,2024-06-11 21:55:21.677233,47,East
O0183,Pants,Accessories,2,86.4,2024-05-27 21:55:21.677258,35,West
O0184,Headphones,Electronics,4,26.98,2024-04-04 21:55:21.677283,54,West
O0185,Watch,Electronics,2,28.76,2024-05-26 21:55:21.677309,40,East
O0186,T-Shirt,Fashion,2,34.87,2024-10-02 21:55:21.677343,58,North
O0187,Smartphone,Electronics,4,21.87,2024-05-02 21:55:21.677368,56,West
O0188,Laptop,Electronics,3,48.14,2024-04-06 21:55:21.677393,52,North
O0189,Headphones,Fashion,3,84.95,2024-01-03 21:55:21.677419,23,West
O0190,Smartphone,Electronics,2,95.51,2024-08-28 21:55:21.677444,45,East
O0191,Shoes,Fashion,4,41.89,2024-06-27 21:55:21.677470,41,West
O0192,Shoes,Accessories,2,40.19,2024-04-04 21:55:21.677496,22,West
O0193,Headphones,Electronics,2,35.16,2024-01-08 21:55:21.677523,36,South
O0194,Laptop,Electronics,3,36.79,2024-12-11 21:55:21.677550,28,North
O0195,Shoes,Electronics,2,54.8,2024-10-05 21:55:21.677575,25,South
O0196,Smartphone,Fashion,4,74.05,2023-12-31 21:55:21.677600,24,West
O0197,T-Shirt,Fashion,2,70.99,2024-08-30 21:55:21.677624,49,East
O0198,Watch,Electronics,1,14.45,2024-09-10 21:55:21.677649,38,East
O0199,Laptop,Fashion,4,68.42,2024-10-05 21:55:21.677674,45,North
O0200,Shoes,Fashion,4,97.26,2024-02-03 21:55:21.677698,34,East
O0201,Smartphone,Accessories,3,96.76,2024-02-27 21:55:21.677723,24,South
O0202,Watch,Fashion,2,45.76,2024-02-03 21:55:21.677748,43,North
O0203,Pants,Accessories,2,55.98,2024-10-20 21:55:21.677772,19,East
O0204,T-Shirt,Electronics,2,51.14,2024-04-03 21:55:21.677797,53,East
O0205,Headphones,Electronics,1,58.26,2024-03-29 21:55:21.677822,31,South
O0206,Shoes,Accessories,4,77.52,2024-05-17 21:55:21.677847,44,South
O0207,Watch,Accessories,4,18.26,2024-06-04 21:55:21.677872,22,South
O0208,T-Shirt,Accessories,1,20.49,2024-01-22 21:55:21.677898,19,North
O0209,Headphones,Electronics,4,66.49,2024-06-09 21:55:21.677929,27,West
O0210,Smartphone,Electronics,3,77.74,2024-02-14 21:55:21.677954,32,South
O0211,Smartphone,Accessories,2,25.57,2024-04-21 21:55:21.677979,39,North
O0212,Watch,Accessories,2,79.04,2024-10-31 21:55:21.678005,44,North
O0213,Pants,Accessories,3,94.67,2024-04-30 21:55:21.678030,21,South
O0214,T-Shirt,Fashion,3,57.91,2024-09-03 21:55:21.678067,55,South
O0215,T-Shirt,Accessories,4,92.48,2024-03-19 21:55:21.678094,43,North
O0216,Pants,Accessories,3,53.9,2024-01-04 21:55:21.678122,54,North
O0217,Pants,Accessories,3,94.33,2024-12-12 21:55:21.678154,35,West
O0218,T-Shirt,Accessories,1,40.51,2024-07-01 21:55:21.678196,37,South
O0219,Smartphone,Electronics,3,33.71,2024-06-05 21:55:21.678225,54,East
O0220,Headphones,Accessories,2,87.25,2024-10-22 21:55:21.678247,30,North
O0221,Headphones,Electronics,2,39.81,2024-01-15 21:55:21.678269,44,East
O0222,Laptop,Electronics,4,12.91,2024-03-21 21:55:21.678291,28,East
O0223,Laptop,Accessories,3,82.32,2024-06-24 21:55:21.678314,52,North
O0224,Laptop,Electronics,3,74.32,2024-07-05 21:55:21.678336,42,North
O0225,Laptop,Fashion,4,66.83,2024-01-02 21:55:21.678358,46,North
O0226,Headphones,Electronics,4,98.55,2024-03-15 21:55:21.678380,45,South
O0227,Pants,Electronics,3,53.88,2024-11-21 21:55:21.678404,21,South
O0228,T-Shirt,Accessories,4,32.54,2024-12-12 21:55:21.678433,46,North
O0229,Smartphone,Fashion,3,53.72,2024-07-31 21:55:21.678459,53,South
O0230,Smartphone,Accessories,4,92.74,2024-03-09 21:55:21.678486,49,West
O0231,Headphones,Fashion,2,38.37,2024-11-30 21:55:21.678513,30,South
O0232,Watch,Fashion,2,94.25,2024-03-01 21:55:21.678541,37,East
O0233,T-Shirt,Accessories,2,36.39,2024-06-13 21:55:21.678567,23,South
O0234,Pants,Fashion,3,70.51,2024-03-03 21:55:21.678601,52,East
O0235,Pants,Accessories,2,87.64,2024-04-26 21:55:21.678652,40,North
O0236,Pants,Accessories,1,95.67,2024-07-19 21:55:21.678711,52,East
O0237,Shoes,Accessories,2,22.46,2024-09-04 21:55:21.678764,18,South
O0238,Pants,Fashion,2,28.02,2024-12-24 21:55:21.678816,20,North
O0239,Headphones,Fashion,1,16.09,2024-06-28 21:55:21.678867,37,North
O0240,Smartphone,Electronics,3,75.85,2024-07-19 21:55:21.678925,39,West
O0241,T-Shirt,Accessories,4,23.05,2024-03-12 21:55:21.678982,47,North
O0242,Watch,Fashion,4,42.05,2024-05-17 21:55:21.679034,19,South
O0243,Headphones,Electronics,2,78.24,2024-11-20 21:55:21.679087,45,North
O0244,T-Shirt,Accessories,3,95.66,2024-02-10 21:55:21.679147,45,South
O0245,Laptop,Electronics,3,14.51,2024-01-30 21:55:21.679201,30,North
O0246,T-Shirt,Electronics,1,56.26,2024-06-04 21:55:21.679254,50,South
O0247,Watch,Accessories,3,68.89,2024-10-01 21:55:21.679309,36,West
O0248,Smartphone,Electronics,3,15.29,2024-04-13 21:55:21.679361,18,North
O0249,Shoes,Fashion,1,55.29,2024-10-25 21:55:21.679407,55,South
O0250,Shoes,Electronics,2,82.97,2024-12-21 21:55:21.679440,53,East
O0251,Smartphone,Fashion,3,89.12,2024-10-27 21:55:21.679477,40,South
O0252,Pants,Accessories,2,24.19,2024-08-15 21:55:21.679524,33,North
O0253,Pants,Fashion,2,15.97,2024-12-02 21:55:21.679658,22,East
O0254,Shoes,Fashion,1,75.39,2024-02-23 21:55:21.679706,36,West
O0255,T-Shirt,Electronics,2,49.84,2024-08-20 21:55:21.679749,48,South
O0256,T-Shirt,Accessories,3,24.79,2024-04-22 21:55:21.679792,56,North
O0257,Shoes,Accessories,1,83.77,2024-05-12 21:55:21.679837,31,East
O0258,Smartphone,Accessories,3,33.8,2024-09-07 21:55:21.680033,42,South
O0259,T-Shirt,Electronics,2,34.2,2024-07-31 21:55:21.680141,32,East
O0260,Smartphone,Accessories,3,77.01,2024-03-03 21:55:21.680238,27,North
O0261,Watch,Fashion,2,51.24,2024-04-19 21:55:21.680337,19,West
O0262,Laptop,Electronics,4,71.92,2024-06-05 21:55:21.680435,46,South
O0263,Smartphone,Accessories,3,77.74,2024-01-15 21:55:21.680542,21,East
O0264,Pants,Accessories,2,70.4,2024-07-18 21:55:21.680666,33,North
O0265,Shoes,Electronics,1,48.52,2024-06-26 21:55:21.680789,36,North
O0266,Pants,Fashion,4,19.6,2024-02-04 21:55:21.680906,28,South
O0267,Watch,Fashion,1,83.34,2024-02-22 21:55:21.681034,41,North
O0268,Shoes,Fashion,2,61.29,2024-02-19 21:55:21.681150,31,North
O0269,T-Shirt,Fashion,1,45.58,2024-03-09 21:55:21.681281,58,East
O0270,T-Shirt,Accessories,2,74.79,2024-11-14 21:55:21.681417,23,North
O0271,T-Shirt,Electronics,4,13.59,2024-10-11 21:55:21.681552,34,North
O0272,Laptop,Accessories,3,92.19,2024-03-17 21:55:21.681682,51,West
O0273,Smartphone,Accessories,4,83.09,2024-04-14 21:55:21.681811,28,West
O0274,Watch,Fashion,3,12.56,2024-03-26 21:55:21.681927,35,South
O0275,T-Shirt,Electronics,3,40.79,2024-08-06 21:55:21.682045,56,East
O0276,Shoes,Electronics,3,87.11,2024-05-25 21:55:21.682166,34,South
O0277,Smartphone,Fashion,4,23.26,2024-12-04 21:55:21.682280,59,South
O0278,Watch,Fashion,3,44.39,2024-07-11 21:55:21.682398,33,South
O0279,T-Shirt,Accessories,3,99.6,2024-10-20 21:55:21.682519,30,West
O0280,T-Shirt,Accessories,2,28.93,2024-02-19 21:55:21.682635,18,South
O0281,Headphones,Fashion,4,48.46,2024-03-24 21:55:21.682742,22,North
O0282,T-Shirt,Fashion,4,55.33,2024-06-25 21:55:21.682846,50,West
O0283,Pants,Fashion,4,98.12,2024-05-26 21:55:21.682949,19,North
O0284,Smartphone,Accessories,1,34.42,2024-12-16 21:55:21.683065,46,South
O0285,Pants,Electronics,1,10.79,2024-04-04 21:55:21.683170,48,South
O0286,Watch,Electronics,2,87.93,2024-05-13 21:55:21.683269,34,South
O0287,Watch,Electronics,3,31.52,2024-06-13 21:55:21.683381,51,North
O0288,Shoes,Accessories,3,50.85,2024-01-16 21:55:21.683490,23,East
O0289,Smartphone,Accessories,1,63.7,2024-10-04 21:55:21.683595,49,North
O0290,T-Shirt,Accessories,2,32.62,2024-03-31 21:55:21.683849,18,West
O0291,Pants,Electronics,4,15.41,2024-09-10 21:55:21.683938,40,West
O0292,T-Shirt,Electronics,2,71.3,2024-11-30 21:55:21.683994,53,East
O0293,Shoes,Fashion,3,32.55,2024-01-06 21:55:21.684047,54,West
O0294,Headphones,Accessories,1,55.34,2024-08-24 21:55:21.684129,34,North
O0295,Shoes,Electronics,4,73.71,2024-09-29 21:55:21.684201,40,South
O0296,Headphones,Accessories,4,85.6,2023-12-28 21:55:21.684251,33,West
O0297,Pants,Accessories,3,18.45,2024-10-20 21:55:21.684318,20,East
O0298,Laptop,Accessories,3,89.18,2023-12-30 21:55:21.684378,25,West
O0299,Pants,Electronics,3,66.38,2024-09-21 21:55:21.684445,40,West
O0300,Headphones,Electronics,3,65.79,2024-03-23 21:55:21.684516,44,East
O0301,T-Shirt,Accessories,4,85.72,2024-05-19 21:55:21.684582,58,West
O0302,Watch,Accessories,1,12.4,2024-06-12 21:55:21.684642,29,West
O0303,Pants,Fashion,1,84.9,2024-05-09 21:55:21.684707,39,South
O0304,Smartphone,Fashion,2,70.23,2024-08-18 21:55:21.684794,28,South
O0305,Smartphone,Accessories,1,61.95,2023-12-29 21:55:21.684868,40,South
O0306,Watch,Electronics,2,21.07,2024-04-28 21:55:21.684946,54,North
O0307,Laptop,Accessories,3,45.0,2024-02-03 21:55:21.685098,29,West
O0308,Pants,Fashion,2,64.61,2024-07-28 21:55:21.685227,46,South
O0309,Pants,Electronics,4,80.62,2024-11-07 21:55:21.685281,49,North
O0310,T-Shirt,Accessories,1,98.01,2024-08-07 21:55:21.685315,31,South
O0311,Watch,Accessories,3,24.7,2024-03-21 21:55:21.685366,24,West
O0312,Smartphone,Fashion,3,24.71,2024-08-18 21:55:21.685430,53,North
O0313,Pants,Accessories,3,33.47,2024-06-06 21:55:21.685479,54,South
O0314,Smartphone,Fashion,2,78.51,2024-02-13 21:55:21.685544,57,West
O0315,Laptop,Accessories,1,89.66,2024-06-21 21:55:21.685597,41,South
O0316,Shoes,Accessories,2,74.13,2024-09-27 21:55:21.685667,21,North
O0317,T-Shirt,Accessories,3,95.69,2024-09-20 21:55:21.685727,45,East
O0318,Shoes,Fashion,2,62.05,2024-05-25 21:55:21.685780,27,West
O0319,T-Shirt,Fashion,3,72.16,2024-05-26 21:55:21.685839,34,East
O0320,T-Shirt,Electronics,3,54.43,2024-05-20 21:55:21.685910,26,North
O0321,Pants,Fashion,4,43.18,2024-07-09 21:55:21.685990,53,North
O0322,Watch,Fashion,1,94.24,2024-06-22 21:55:21.686063,52,East
O0323,Smartphone,Accessories,3,50.91,2024-06-02 21:55:21.686137,25,East
O0324,T-Shirt,Fashion,1,80.71,2024-10-20 21:55:21.686213,31,West
O0325,Laptop,Fashion,2,61.37,2024-09-09 21:55:21.686278,20,North
O0326,Smartphone,Electronics,2,35.9,2024-07-18 21:55:21.686341,19,North
O0327,Pants,Accessories,1,67.44,2024-07-04 21:55:21.686408,36,South
O0328,Shoes,Accessories,2,63.22,2024-09-28 21:55:21.686477,54,South
O0329,Watch,Electronics,2,37.11,2024-07-09 21:55:21.686553,35,South
O0330,Headphones,Accessories,2,38.91,2024-10-08 21:55:21.686638,26,West
O0331,Watch,Accessories,1,75.89,2024-04-23 21:55:21.686706,23,East
O0332,Laptop,Fashion,1,58.74,2024-09-11 21:55:21.686793,42,South
O0333,Smartphone,Accessories,4,47.02,2024-10-08 21:55:21.686918,29,North
O0334,Watch,Accessories,2,50.99,2024-01-29 21:55:21.687037,29,East
O0335,Watch,Electronics,4,73.15,2024-01-03 21:55:21.687170,32,West
O0336,Watch,Electronics,2,27.78,2024-11-08 21:55:21.687274,21,South
O0337,Smartphone,Accessories,3,57.71,2024-04-14 21:55:21.687354,53,South
O0338,Watch,Electronics,4,44.22,2024-10-04 21:55:21.687434,40,East
O0339,Pants,Electronics,4,50.6,2024-11-18 21:55:21.687506,29,South
O0340,Laptop,Electronics,2,94.1,2024-07-31 21:55:21.687591,35,East
O0341,Laptop,Fashion,1,20.05,2024-01-13 21:55:21.687681,44,West
O0342,Shoes,Fashion,1,74.85,2024-08-07 21:55:21.687780,57,South
O0343,Laptop,Fashion,3,34.94,2024-06-17 21:55:21.687880,47,South
O0344,Shoes,Electronics,2,71.37,2024-09-11 21:55:21.687970,22,West
O0345,Headphones,Accessories,2,37.98,2024-12-02 21:55:21.688043,19,South
O0346,T-Shirt,Fashion,2,14.66,2024-06-16 21:55:21.688124,26,West
O0347,Laptop,Fashion,1,93.52,2024-07-29 21:55:21.688206,51,East
O0348,Pants,Electronics,3,31.88,2024-10-15 21:55:21.688272,30,East
O0349,Smartphone,Accessories,2,88.08,2024-12-25 21:55:21.688331,37,West
O0350,T-Shirt,Accessories,2,30.71,2024-01-03 21:55:21.688386,18,West
O0351,Headphones,Accessories,4,42.16,2024-07-06 21:55:21.688457,52,East
O0352,Pants,Accessories,1,82.59,2024-02-06 21:55:21.688544,43,South
O0353,Headphones,Electronics,1,22.49,2024-01-16 21:55:21.688605,42,South
O0354,Pants,Accessories,4,15.63,2024-11-21 21:55:21.688714,49,North
O0355,Laptop,Fashion,2,89.6,2024-07-18 21:55:21.688811,22,West
O0356,Shoes,Electronics,2,70.68,2024-10-29 21:55:21.688918,45,South
O0357,T-Shirt,Accessories,3,72.59,2024-07-19 21:55:21.689021,20,West
O0358,Shoes,Fashion,4,63.01,2024-07-07 21:55:21.689123,54,West
O0359,Headphones,Accessories,4,73.28,2024-01-31 21:55:21.689232,25,East
O0360,Pants,Fashion,1,20.89,2024-05-26 21:55:21.689343,18,South
O0361,Shoes,Electronics,2,57.29,2024-10-02 21:55:21.689448,46,North
O0362,Laptop,Fashion,4,81.0,2024-04-18 21:55:21.689551,59,East
O0363,Pants,Electronics,2,59.16,2024-11-17 21:55:21.689644,20,West
O0364,Headphones,Accessories,2,89.54,2024-01-02 21:55:21.689758,29,West
O0365,Laptop,Electronics,1,81.53,2024-08-11 21:55:21.689857,41,North
O0366,Shoes,Electronics,4,11.53,2024-11-01 21:55:21.689957,52,North
O0367,Watch,Electronics,3,48.25,2024-01-05 21:55:21.690043,37,South
O0368,Shoes,Fashion,4,21.09,2024-04-12 21:55:21.690139,27,South
O0369,Smartphone,Accessories,3,44.89,2024-07-30 21:55:21.690220,19,East
O0370,Pants,Electronics,3,85.79,2024-12-08 21:55:21.690321,59,West
O0371,T-Shirt,Fashion,2,51.39,2024-10-31 21:55:21.690434,48,South
O0372,Pants,Accessories,4,97.1,2024-02-20 21:55:21.690519,49,South
O0373,T-Shirt,Accessories,3,10.43,2024-07-20 21:55:21.690754,45,East
O0374,Smartphone,Accessories,1,31.48,2024-05-07 21:55:21.690945,39,West
O0375,Shoes,Electronics,4,43.49,2024-10-11 21:55:21.691026,32,West
O0376,Headphones,Fashion,3,88.31,2024-11-23 21:55:21.691077,34,West
O0377,Shoes,Accessories,3,26.56,2024-12-16 21:55:21.691109,41,North
O0378,Shoes,Accessories,4,31.6,2024-01-30 21:55:21.691141,44,South
O0379,Pants,Accessories,1,95.48,2024-02-02 21:55:21.691168,49,East
O0380,Smartphone,Electronics,4,79.61,2024-07-09 21:55:21.691194,45,North
O0381,Shoes,Fashion,1,36.37,2024-12-14 21:55:21.691219,50,North
O0382,Headphones,Fashion,4,87.25,2024-03-19 21:55:21.691244,44,North
O0383,Watch,Fashion,2,95.06,2024-11-03 21:55:21.691274,44,South
O0384,Headphones,Accessories,3,44.18,2024-04-09 21:55:21.691301,32,South
O0385,T-Shirt,Fashion,2,61.18,2024-11-05 21:55:21.691329,56,East
O0386,Pants,Fashion,2,24.54,2024-05-28 21:55:21.691355,42,East
O0387,Shoes,Electronics,1,59.21,2024-05-23 21:55:21.691381,29,North
O0388,Headphones,Electronics,1,28.91,2024-05-10 21:55:21.691406,36,North
O0389,Watch,Accessories,4,13.9,2024-04-20 21:55:21.691431,44,South
O0390,Pants,Fashion,1,24.65,2024-02-17 21:55:21.691468,56,South
O0391,Smartphone,Fashion,1,72.98,2024-06-21 21:55:21.691506,44,North
O0392,Laptop,Electronics,2,76.1,2024-02-26 21:55:21.691543,42,East
O0393,Smartphone,Fashion,3,22.8,2024-08-17 21:55:21.691581,20,West
O0394,T-Shirt,Fashion,1,55.7,2024-01-07 21:55:21.691618,33,North
O0395,Headphones,Fashion,2,35.63,2024-06-03 21:55:21.691665,39,South
O0396,Pants,Accessories,2,43.87,2024-07-03 21:55:21.691709,41,North
O0397,Shoes,Electronics,3,50.99,2024-11-23 21:55:21.691750,19,South
O0398,Shoes,Accessories,1,76.64,2024-04-30 21:55:21.691792,45,South
O0399,Headphones,Fashion,1,24.39,2024-02-08 21:55:21.691836,58,East
O0400,Laptop,Accessories,3,69.49,2024-11-19 21:55:21.691873,54,West
O0401,Headphones,Electronics,4,44.25,2024-02-20 21:55:21.691911,34,West
O0402,Laptop,Accessories,1,40.58,2024-02-03 21:55:21.691951,35,West
O0403,T-Shirt,Accessories,3,20.0,2024-09-08 21:55:21.691990,59,North
O0404,T-Shirt,Electronics,1,61.25,2024-08-23 21:55:21.692024,20,West
O0405,Watch,Accessories,4,78.76,2024-01-16 21:55:21.692058,59,West
O0406,Watch,Accessories,1,12.43,2024-10-23 21:55:21.692091,46,East
O0407,Smartphone,Electronics,1,50.03,2024-07-09 21:55:21.692125,45,North
O0408,Pants,Electronics,1,98.34,2024-06-12 21:55:21.692158,47,North
O0409,Pants,Accessories,4,24.72,2024-02-05 21:55:21.692196,48,South
O0410,Watch,Accessories,1,14.67,2024-12-23 21:55:21.692228,18,East
O0411,Headphones,Accessories,1,60.75,2024-08-02 21:55:21.692261,37,South
O0412,T-Shirt,Electronics,4,82.33,2024-09-19 21:55:21.692296,58,West
O0413,T-Shirt,Fashion,3,47.21,2024-10-29 21:55:21.692331,44,East
O0414,Watch,Accessories,2,57.39,2024-04-19 21:55:21.692377,35,North
O0415,T-Shirt,Electronics,3,80.05,2024-05-10 21:55:21.692421,40,East
O0416,T-Shirt,Electronics,3,20.83,2024-05-22 21:55:21.692448,31,West
O0417,T-Shirt,Electronics,4,66.72,2024-06-11 21:55:21.692479,24,North
O0418,Shoes,Electronics,1,89.86,2024-05-16 21:55:21.692543,59,West
O0419,T-Shirt,Accessories,1,66.84,2024-09-25 21:55:21.692570,45,North
O0420,Headphones,Accessories,2,70.03,2024-02-07 21:55:21.692602,56,North
O0421,Watch,Electronics,2,54.73,2024-02-13 21:55:21.692630,50,North
O0422,Laptop,Electronics,4,27.62,2024-02-20 21:55:21.692657,32,West
O0423,Watch,Accessories,4,60.78,2024-03-16 21:55:21.692681,56,South
O0424,Smartphone,Electronics,2,35.53,2024-09-02 21:55:21.692706,49,East
O0425,T-Shirt,Fashion,4,24.23,2024-02-08 21:55:21.692730,33,East
O0426,T-Shirt,Accessories,1,54.11,2024-08-26 21:55:21.692755,34,South
O0427,Pants,Fashion,2,11.49,2024-12-15 21:55:21.692786,22,South
O0428,Laptop,Fashion,3,73.81,2024-07-27 21:55:21.692811,42,North
O0429,Laptop,Electronics,2,35.0,2024-11-19 21:55:21.692837,23,South
O0430,Smartphone,Electronics,2,30.13,2024-08-09 21:55:21.692862,29,West
O0431,Smartphone,Accessories,2,15.92,2024-03-08 21:55:21.692886,55,East
O0432,Laptop,Electronics,3,65.2,2024-01-18 21:55:21.692912,47,East
O0433,Smartphone,Accessories,1,50.87,2024-02-17 21:55:21.692937,55,South
O0434,Smartphone,Fashion,4,31.8,2024-01-14 21:55:21.692966,25,West
O0435,Pants,Electronics,2,15.17,2024-07-29 21:55:21.692999,35,South
O0436,Watch,Electronics,4,96.05,2024-05-11 21:55:21.693025,45,South
O0437,Laptop,Accessories,1,78.23,2024-11-24 21:55:21.693055,29,South
O0438,Watch,Fashion,3,76.65,2024-10-14 21:55:21.693083,30,North
O0439,Headphones,Electronics,1,79.8,2024-03-15 21:55:21.693119,28,South
O0440,T-Shirt,Fashion,1,78.44,2024-07-18 21:55:21.693161,58,North
O0441,Smartphone,Fashion,1,28.67,2024-04-02 21:55:21.693183,50,East
O0442,Shoes,Fashion,1,50.74,2024-04-13 21:55:21.693207,39,South
O0443,Pants,Accessories,3,59.1,2024-10-25 21:55:21.693254,59,North
O0444,Laptop,Electronics,3,17.71,2024-05-19 21:55:21.693283,56,North
O0445,T-Shirt,Fashion,4,12.57,2024-08-29 21:55:21.693314,39,East
O0446,Pants,Electronics,4,34.99,2024-10-17 21:55:21.693353,31,North
O0447,Smartphone,Electronics,2,45.29,2024-08-25 21:55:21.693378,37,North
O0448,Watch,Accessories,3,75.96,2024-01-21 21:55:21.693405,50,South
O0449,Headphones,Electronics,1,38.22,2024-07-09 21:55:21.693430,54,North
O0450,Laptop,Fashion,4,51.19,2024-11-07 21:55:21.693458,26,East
O0451,Smartphone,Accessories,1,76.23,2024-01-01 21:55:21.693485,30,East
O0452,Watch,Fashion,3,72.34,2024-06-20 21:55:21.693513,48,West
O0453,Smartphone,Accessories,1,49.1,2024-05-16 21:55:21.693543,45,North
O0454,Headphones,Fashion,4,47.74,2024-03-23 21:55:21.693569,49,South
O0455,Watch,Accessories,1,40.51,2024-01-02 21:55:21.693602,39,North
O0456,Headphones,Electronics,2,28.17,2024-04-17 21:55:21.693633,24,South
O0457,Pants,Accessories,2,67.02,2024-03-26 21:55:21.693669,37,West
O0458,Headphones,Accessories,3,91.18,2024-02-02 21:55:21.693698,42,West
O0459,Shoes,Electronics,2,64.89,2024-09-01 21:55:21.693728,43,South
O0460,Pants,Accessories,4,98.5,2024-05-16 21:55:21.693761,18,South
O0461,Laptop,Electronics,2,30.97,2024-02-14 21:55:21.693797,25,West
O0462,Headphones,Electronics,3,33.35,2024-02-28 21:55:21.693828,54,East
O0463,Watch,Electronics,1,80.95,2024-01-22 21:55:21.693859,46,West
O0464,Shoes,Fashion,3,66.72,2024-07-04 21:55:21.693894,35,West
O0465,T-Shirt,Electronics,1,48.54,2024-01-01 21:55:21.693921,19,South
O0466,Laptop,Electronics,4,29.35,2024-06-18 21:55:21.693946,44,East
O0467,Headphones,Accessories,3,72.94,2024-08-07 21:55:21.693971,34,South
O0468,Smartphone,Electronics,4,80.7,2024-03-31 21:55:21.693999,48,South
O0469,Headphones,Accessories,1,10.35,2024-09-28 21:55:21.694026,45,East
O0470,Watch,Fashion,3,20.16,2024-02-28 21:55:21.694063,43,West
O0471,Shoes,Fashion,1,25.76,2024-08-18 21:55:21.694112,52,South
O0472,Watch,Electronics,4,98.39,2024-07-31 21:55:21.694168,59,East
O0473,Laptop,Accessories,1,54.43,2024-02-16 21:55:21.694215,24,North
O0474,Headphones,Accessories,2,83.87,2024-03-09 21:55:21.694269,59,South
O0475,Laptop,Electronics,2,19.11,2024-09-26 21:55:21.694307,18,East
O0476,Laptop,Electronics,4,31.03,2024-05-27 21:55:21.694343,52,South
O0477,Pants,Fashion,2,87.09,2024-05-03 21:55:21.694394,53,North
O0478,Headphones,Fashion,3,86.12,2024-09-21 21:55:21.694453,29,East
O0479,Smartphone,Electronics,2,51.57,2024-10-22 21:55:21.694491,54,North
O0480,Laptop,Fashion,2,53.23,2024-11-12 21:55:21.694526,20,West
O0481,Pants,Fashion,2,60.02,2024-03-29 21:55:21.694567,43,East
O0482,Pants,Electronics,2,98.27,2024-12-12 21:55:21.694627,22,North
O0483,T-Shirt,Accessories,4,78.93,2024-03-01 21:55:21.694684,42,North
O0484,Headphones,Fashion,1,12.43,2024-08-04 21:55:21.694727,40,East
O0485,Laptop,Accessories,1,67.83,2024-05-17 21:55:21.694757,55,West
O0486,T-Shirt,Fashion,4,17.98,2024-09-03 21:55:21.694787,23,North
O0487,Smartphone,Accessories,2,69.17,2024-05-04 21:55:21.694818,52,North
O0488,Laptop,Fashion,4,47.66,2024-07-23 21:55:21.694850,33,East
O0489,Smartphone,Fashion,3,31.11,2024-11-22 21:55:21.694902,22,South
O0490,Pants,Electronics,2,23.85,2024-12-24 21:55:21.694949,21,West
O0491,Smartphone,Fashion,3,87.18,2024-11-20 21:55:21.694979,40,North
O0492,Smartphone,Electronics,2,59.44,2024-01-26 21:55:21.695008,48,East
O0493,Headphones,Fashion,1,54.02,2024-10-17 21:55:21.695039,24,North
O0494,T-Shirt,Electronics,1,77.32,2024-08-11 21:55:21.695068,40,North
O0495,Watch,Electronics,4,41.87,2024-10-10 21:55:21.695096,26,West
O0496,Laptop,Electronics,4,64.11,2024-08-15 21:55:21.695125,31,South
O0497,Headphones,Fashion,3,74.27,2024-11-04 21:55:21.695154,20,South
O0498,Shoes,Electronics,2,12.7,2024-05-12 21:55:21.695183,25,North
O0499,T-Shirt,Fashion,3,67.92,2024-06-13 21:55:21.695214,55,North
O0500,Headphones,Accessories,1,82.15,2024-09-05 21:55:21.695240,18,West
O0501,Pants,Electronics,2,76.07,2024-12-24 21:55:21.695266,33,North
O0502,Headphones,Electronics,4,87.95,2024-02-01 21:55:21.695307,25,West
O0503,Shoes,Accessories,1,86.79,2024-05-23 21:55:21.695338,45,South
O0504,T-Shirt,Fashion,2,47.47,2024-07-29 21:55:21.695369,53,North
O0505,Smartphone,Electronics,1,38.61,2024-07-02 21:55:21.695397,31,East
O0506,Pants,Fashion,4,20.99,2024-03-06 21:55:21.695434,20,South
O0507,T-Shirt,Fashion,4,10.56,2024-03-10 21:55:21.695479,45,West
O0508,Headphones,Fashion,2,86.83,2024-03-24 21:55:21.695526,31,West
O0509,T-Shirt,Electronics,1,63.54,2024-10-14 21:55:21.695574,52,East
O0510,Smartphone,Electronics,2,10.17,2024-12-13 21:55:21.695644,50,North
O0511,Shoes,Electronics,1,72.36,2024-03-01 21:55:21.695722,58,North
O0512,Smartphone,Accessories,1,74.27,2024-03-26 21:55:21.695817,55,East
O0513,Shoes,Fashion,4,47.51,2024-07-20 21:55:21.695891,43,North
O0514,Headphones,Fashion,2,33.61,2024-12-08 21:55:21.695959,52,East
O0515,Pants,Electronics,2,20.75,2024-08-28 21:55:21.696043,52,East
O0516,Headphones,Accessories,1,48.61,2024-10-09 21:55:21.696126,44,South
O0517,Headphones,Electronics,4,91.2,2024-05-15 21:55:21.696207,28,North
O0518,Smartphone,Electronics,1,82.37,2024-11-02 21:55:21.696274,56,East
O0519,Headphones,Accessories,2,47.03,2024-07-12 21:55:21.696327,32,West
O0520,Laptop,Electronics,2,18.29,2024-05-04 21:55:21.696376,30,West
O0521,Pants,Fashion,3,91.82,2024-02-24 21:55:21.696421,34,North
O0522,Watch,Fashion,4,16.84,2024-05-20 21:55:21.696479,45,North
O0523,T-Shirt,Fashion,1,78.65,2024-09-19 21:55:21.696526,54,South
O0524,Headphones,Accessories,3,55.24,2024-10-28 21:55:21.696575,53,North
O0525,Pants,Accessories,1,37.9,2024-09-15 21:55:21.696622,51,West
O0526,Shoes,Accessories,4,83.76,2024-06-10 21:55:21.696669,18,South
O0527,Laptop,Fashion,1,83.59,2024-09-02 21:55:21.696976,51,North
O0528,Shoes,Fashion,4,31.04,2024-05-22 21:55:21.697085,22,East
O0529,Laptop,Fashion,1,71.14,2024-01-25 21:55:21.697158,25,East
O0530,Laptop,Fashion,3,23.65,2024-03-07 21:55:21.697212,41,West
O0531,Pants,Electronics,2,75.59,2024-10-03 21:55:21.697252,58,West
O0532,Laptop,Electronics,4,72.33,2024-09-13 21:55:21.697293,42,South
O0533,T-Shirt,Fashion,4,29.35,2024-04-26 21:55:21.697335,25,South
O0534,Pants,Fashion,3,49.42,2024-05-29 21:55:21.697376,18,South
O0535,Shoes,Fashion,2,16.83,2024-05-24 21:55:21.697415,19,South
O0536,Smartphone,Electronics,2,90.51,2024-10-24 21:55:21.697451,58,West
O0537,Headphones,Electronics,1,89.14,2024-05-03 21:55:21.697487,23,East
O0538,Smartphone,Electronics,1,75.25,2024-03-17 21:55:21.697522,36,East
O0539,Headphones,Electronics,1,61.92,2024-03-04 21:55:21.697577,46,South
O0540,Smartphone,Electronics,3,93.15,2024-05-22 21:55:21.697617,27,West
O0541,Headphones,Electronics,1,69.17,2024-08-17 21:55:21.697659,56,West
O0542,Shoes,Electronics,2,43.84,2024-10-29 21:55:21.697699,48,East
O0543,Pants,Electronics,2,53.21,2024-04-16 21:55:21.697751,46,West
O0544,Shoes,Electronics,1,76.87,2024-01-13 21:55:21.697789,36,South
O0545,Smartphone,Accessories,3,58.49,2024-09-02 21:55:21.697828,37,South
O0546,Pants,Fashion,4,69.83,2024-10-19 21:55:21.697866,29,South
O0547,Smartphone,Electronics,1,23.03,2023-12-29 21:55:21.697905,21,East
O0548,Laptop,Electronics,2,46.15,2024-06-17 21:55:21.697958,26,South
O0549,T-Shirt,Electronics,1,55.44,2024-01-28 21:55:21.698004,21,North
O0550,Headphones,Electronics,3,70.15,2024-05-05 21:55:21.698043,36,West
O0551,Headphones,Fashion,3,89.57,2024-04-19 21:55:21.698082,54,South
O0552,T-Shirt,Accessories,3,84.07,2024-10-13 21:55:21.698121,59,North
O0553,T-Shirt,Electronics,1,74.82,2024-11-14 21:55:21.698162,25,East
O0554,T-Shirt,Fashion,3,86.99,2024-01-20 21:55:21.698202,43,North
O0555,T-Shirt,Electronics,3,54.89,2024-03-01 21:55:21.698243,29,North
O0556,Laptop,Accessories,1,46.15,2023-12-29 21:55:21.698282,55,North
O0557,Watch,Electronics,1,25.31,2024-01-15 21:55:21.698319,32,West
O0558,Shoes,Accessories,3,72.39,2024-09-13 21:55:21.698358,22,South
O0559,Watch,Accessories,3,40.48,2024-02-20 21:55:21.698397,55,West
O0560,T-Shirt,Fashion,2,92.0,2024-02-10 21:55:21.698436,46,South
O0561,Headphones,Electronics,2,59.83,2024-07-19 21:55:21.698474,37,East
O0562,Laptop,Accessories,4,43.4,2024-06-04 21:55:21.698513,53,East
O0563,Pants,Electronics,2,19.4,2024-11-07 21:55:21.698550,39,West
O0564,Pants,Electronics,3,73.2,2024-06-23 21:55:21.698590,41,East
O0565,Watch,Accessories,2,93.64,2024-04-07 21:55:21.698631,53,East
O0566,Shoes,Accessories,1,65.36,2024-05-15 21:55:21.698673,18,West
O0567,Headphones,Accessories,2,54.14,2024-03-06 21:55:21.698712,34,North
O0568,Pants,Accessories,4,21.32,2024-01-08 21:55:21.698751,29,South
O0569,Headphones,Electronics,4,59.73,2024-06-10 21:55:21.698789,24,North
O0570,Laptop,Electronics,2,80.62,2024-03-28 21:55:21.698830,23,South
O0571,Pants,Electronics,4,37.61,2024-11-28 21:55:21.698871,27,West
O0572,Laptop,Fashion,4,33.91,2024-09-04 21:55:21.698910,35,North
O0573,Pants,Fashion,3,16.3,2024-07-20 21:55:21.698965,47,North
O0574,Shoes,Fashion,2,10.2,2024-06-05 21:55:21.699009,36,West
O0575,Watch,Accessories,4,99.33,2024-12-21 21:55:21.699053,37,West
O0576,Smartphone,Accessories,2,90.82,2024-04-29 21:55:21.699097,51,East
O0577,Smartphone,Accessories,1,16.11,2024-10-16 21:55:21.699138,48,East
O0578,Smartphone,Electronics,4,48.88,2024-04-18 21:55:21.699181,30,West
O0579,Headphones,Accessories,3,23.52,2024-05-31 21:55:21.699223,31,West
O0580,Shoes,Electronics,3,78.93,2024-11-11 21:55:21.699263,51,North
O0581,Shoes,Fashion,2,44.4,2024-08-13 21:55:21.699300,44,North
O0582,Headphones,Electronics,3,63.01,2024-06-12 21:55:21.699340,38,North
O0583,T-Shirt,Accessories,2,28.77,2024-04-19 21:55:21.699375,43,West
O0584,Watch,Accessories,4,17.76,2024-01-22 21:55:21.699428,39,East
O0585,Laptop,Accessories,2,19.85,2024-09-05 21:55:21.699473,59,North
O0586,Laptop,Electronics,3,91.1,2024-07-08 21:55:21.699519,46,North
O0587,Laptop,Fashion,3,40.82,2024-07-14 21:55:21.699575,36,South
O0588,Smartphone,Electronics,3,46.53,2024-01-29 21:55:21.699627,43,West
O0589,Shoes,Electronics,2,59.21,2024-01-17 21:55:21.699683,24,East
O0590,T-Shirt,Accessories,1,48.72,2024-08-01 21:55:21.699730,24,West
O0591,Headphones,Accessories,1,43.49,2024-12-11 21:55:21.699775,52,South
O0592,Shoes,Electronics,3,10.82,2024-02-29 21:55:21.699818,37,North
O0593,Laptop,Electronics,2,61.8,2024-07-24 21:55:21.699858,37,North
O0594,Shoes,Accessories,4,97.98,2024-04-24 21:55:21.699902,52,West
O0595,Watch,Fashion,3,14.05,2024-12-14 21:55:21.699943,20,North
O0596,Pants,Accessories,4,57.17,2024-01-20 21:55:21.699988,24,East
O0597,Shoes,Electronics,3,83.45,2024-01-29 21:55:21.700032,34,East
O0598,Pants,Electronics,2,22.34,2024-12-01 21:55:21.700084,20,South
O0599,Shoes,Electronics,4,29.47,2024-10-08 21:55:21.700128,20,North
O0600,Pants,Accessories,1,70.62,2024-02-28 21:55:21.700160,59,West
O0601,Headphones,Fashion,3,42.82,2024-05-21 21:55:21.700189,19,South
O0602,T-Shirt,Fashion,3,10.43,2024-02-06 21:55:21.700219,27,West
O0603,Shoes,Fashion,3,74.85,2024-03-21 21:55:21.700245,47,South
O0604,Shoes,Electronics,1,19.8,2024-06-10 21:55:21.700270,29,East
O0605,Watch,Fashion,2,46.33,2024-02-17 21:55:21.700294,33,East
O0606,Smartphone,Accessories,3,36.33,2024-06-18 21:55:21.700323,58,West
O0607,Pants,Electronics,1,16.95,2024-08-09 21:55:21.700351,48,East
O0608,Laptop,Accessories,4,10.26,2024-12-24 21:55:21.700381,29,South
O0609,T-Shirt,Fashion,4,87.93,2024-01-16 21:55:21.700406,28,North
O0610,Laptop,Electronics,2,33.19,2024-04-17 21:55:21.700430,31,East
O0611,Shoes,Accessories,3,20.4,2024-05-08 21:55:21.700459,29,South
O0612,Laptop,Fashion,4,37.55,2024-08-16 21:55:21.700486,20,East
O0613,Laptop,Fashion,2,37.13,2024-02-15 21:55:21.700513,43,West
O0614,Headphones,Fashion,2,94.97,2024-11-24 21:55:21.700542,57,South
O0615,Headphones,Fashion,1,66.63,2024-07-25 21:55:21.700568,34,West
O0616,Headphones,Fashion,4,54.02,2024-10-10 21:55:21.700593,36,East
O0617,Headphones,Fashion,4,77.72,2024-04-15 21:55:21.700621,48,East
O0618,Headphones,Fashion,4,93.95,2024-01-28 21:55:21.700647,56,South
O0619,Smartphone,Accessories,2,88.85,2024-07-21 21:55:21.700672,57,South
O0620,T-Shirt,Electronics,4,85.07,2024-03-06 21:55:21.700697,28,East
O0621,Pants,Accessories,1,78.27,2024-05-23 21:55:21.700722,56,South
O0622,T-Shirt,Electronics,1,30.77,2024-04-21 21:55:21.700746,49,East
O0623,Pants,Fashion,4,52.76,2024-06-19 21:55:21.700770,28,East
O0624,Laptop,Electronics,1,87.29,2024-07-22 21:55:21.700794,29,North
O0625,Smartphone,Electronics,1,48.14,2024-09-19 21:55:21.700818,42,South
O0626,Watch,Electronics,2,39.3,2024-06-07 21:55:21.700843,29,West
O0627,Smartphone,Fashion,4,60.0,2024-10-24 21:55:21.700867,53,South
O0628,Pants,Accessories,2,54.5,2024-01-05 21:55:21.700891,58,North
O0629,Headphones,Electronics,4,66.0,2024-01-20 21:55:21.700916,31,East
O0630,Watch,Accessories,1,95.89,2024-02-20 21:55:21.700941,25,South
O0631,Laptop,Fashion,1,88.2,2024-02-26 21:55:21.700965,18,North
O0632,T-Shirt,Fashion,3,45.16,2024-02-22 21:55:21.700989,26,North
O0633,Smartphone,Fashion,3,89.31,2024-05-06 21:55:21.701013,39,West
O0634,Smartphone,Fashion,3,83.8,2024-10-19 21:55:21.701038,38,West
O0635,Headphones,Accessories,1,43.59,2024-03-07 21:55:21.701062,30,West
O0636,Shoes,Fashion,1,45.51,2024-11-03 21:55:21.701087,53,East
O0637,Pants,Electronics,4,32.49,2024-04-16 21:55:21.701112,36,South
O0638,Pants,Accessories,3,91.32,2024-10-14 21:55:21.701136,43,West
O0639,Smartphone,Fashion,3,57.56,2024-02-21 21:55:21.701160,59,North
O0640,Shoes,Accessories,3,52.41,2024-08-05 21:55:21.701185,32,South
O0641,Pants,Accessories,1,76.69,2024-02-23 21:55:21.701209,51,West
O0642,T-Shirt,Fashion,1,84.26,2024-04-19 21:55:21.701234,23,West
O0643,Headphones,Fashion,1,46.68,2024-03-08 21:55:21.701258,23,East
O0644,Headphones,Fashion,4,57.01,2024-03-03 21:55:21.701287,42,East
O0645,T-Shirt,Accessories,3,85.61,2024-09-07 21:55:21.701317,26,North
O0646,Pants,Fashion,1,45.51,2024-10-09 21:55:21.701363,34,South
O0647,Headphones,Electronics,2,15.97,2024-12-16 21:55:21.701411,33,East
O0648,Shoes,Fashion,1,64.77,2024-12-24 21:55:21.701459,54,South
O0649,T-Shirt,Fashion,1,95.57,2024-06-18 21:55:21.701507,29,East
O0650,Watch,Fashion,2,31.94,2024-03-04 21:55:21.701555,46,East
O0651,T-Shirt,Electronics,3,75.65,2024-10-30 21:55:21.701603,42,South
O0652,Shoes,Fashion,1,61.13,2024-09-26 21:55:21.701650,50,East
O0653,Smartphone,Fashion,4,29.8,2024-05-14 21:55:21.702016,55,North
O0654,T-Shirt,Accessories,4,14.74,2024-05-15 21:55:21.702203,54,North
O0655,Headphones,Accessories,1,20.7,2024-07-23 21:55:21.702241,32,West
O0656,Laptop,Accessories,4,78.35,2024-11-19 21:55:21.702269,46,South
O0657,Laptop,Accessories,1,90.69,2024-09-06 21:55:21.702296,53,East
O0658,Shoes,Electronics,1,21.34,2024-02-06 21:55:21.702324,51,North
O0659,Laptop,Electronics,2,14.53,2024-07-22 21:55:21.702352,38,East
O0660,Shoes,Accessories,4,53.35,2024-06-11 21:55:21.702385,54,West
O0661,Watch,Fashion,2,14.23,2024-01-25 21:55:21.702419,41,South
O0662,Shoes,Accessories,4,72.7,2024-09-06 21:55:21.702471,51,West
O0663,Smartphone,Accessories,3,42.41,2024-08-31 21:55:21.702506,27,North
O0664,Headphones,Accessories,2,67.9,2024-07-10 21:55:21.702534,43,North
O0665,Shoes,Electronics,4,71.71,2024-12-09 21:55:21.702580,46,South
O0666,Pants,Electronics,4,27.45,2024-05-24 21:55:21.702639,58,North
O0667,Laptop,Fashion,1,53.74,2024-07-30 21:55:21.702690,42,East
O0668,Shoes,Electronics,1,37.84,2024-09-25 21:55:21.702720,46,East
O0669,Pants,Accessories,1,71.83,2024-07-21 21:55:21.702751,25,South
O0670,Watch,Accessories,4,81.94,2024-03-01 21:55:21.702779,31,South
O0671,Shoes,Accessories,2,39.54,2024-06-15 21:55:21.702808,19,East
O0672,T-Shirt,Electronics,4,48.27,2024-12-21 21:55:21.702851,53,East
O0673,Shoes,Fashion,4,55.33,2024-08-28 21:55:21.702905,18,West
O0674,Watch,Fashion,3,68.01,2024-09-27 21:55:21.702940,48,North
O0675,Pants,Electronics,2,27.22,2024-02-04 21:55:21.702969,24,South
O0676,Headphones,Accessories,2,45.41,2024-09-08 21:55:21.703001,22,West
O0677,Shoes,Accessories,3,74.96,2024-12-20 21:55:21.703030,58,East
O0678,Shoes,Electronics,1,67.91,2024-03-08 21:55:21.703064,26,South
O0679,Watch,Fashion,3,81.29,2024-07-30 21:55:21.703099,57,West
O0680,T-Shirt,Accessories,1,55.47,2024-09-21 21:55:21.703130,18,North
O0681,Shoes,Fashion,2,81.04,2024-02-27 21:55:21.703161,55,East
O0682,Shoes,Accessories,2,11.36,2024-12-17 21:55:21.703194,24,North
O0683,Watch,Accessories,4,85.18,2024-09-25 21:55:21.703226,25,South
O0684,Headphones,Fashion,2,28.89,2024-10-08 21:55:21.703253,55,East
O0685,Headphones,Electronics,2,91.81,2024-04-08 21:55:21.703282,26,East
O0686,T-Shirt,Electronics,4,67.1,2024-09-23 21:55:21.703316,25,West
O0687,Smartphone,Fashion,3,90.07,2024-09-05 21:55:21.703343,25,South
O0688,T-Shirt,Accessories,2,17.51,2024-11-15 21:55:21.703369,35,South
O0689,T-Shirt,Electronics,3,33.58,2024-05-18 21:55:21.703395,19,West
O0690,Headphones,Accessories,2,72.05,2024-06-01 21:55:21.703421,52,East
O0691,Laptop,Fashion,4,36.13,2024-12-21 21:55:21.703449,27,West
O0692,Headphones,Accessories,2,43.44,2024-06-15 21:55:21.703499,53,North
O0693,T-Shirt,Accessories,4,57.35,2024-02-18 21:55:21.703533,54,North
O0694,Watch,Accessories,1,27.61,2024-11-09 21:55:21.703566,34,South
O0695,Shoes,Accessories,1,28.24,2024-09-15 21:55:21.703730,57,North
O0696,Laptop,Accessories,3,19.12,2024-06-05 21:55:21.703914,54,East
O0697,Smartphone,Fashion,2,16.27,2024-07-26 21:55:21.704100,51,North
O0698,Shoes,Fashion,4,51.88,2024-10-24 21:55:21.704163,41,South
O0699,T-Shirt,Electronics,3,55.21,2024-01-16 21:55:21.704198,36,North
O0700,T-Shirt,Accessories,2,37.7,2024-05-29 21:55:21.704234,58,West
O0701,Shoes,Electronics,4,69.34,2024-10-26 21:55:21.704268,20,West
O0702,T-Shirt,Accessories,1,42.68,2024-03-29 21:55:21.704302,38,South
O0703,Headphones,Fashion,3,80.62,2024-04-29 21:55:21.704337,57,North
O0704,Laptop,Electronics,4,86.25,2024-03-08 21:55:21.704363,35,North
O0705,Watch,Accessories,4,38.56,2024-08-10 21:55:21.704387,26,North
O0706,Pants,Accessories,4,59.92,2024-12-15 21:55:21.704412,39,North
O0707,Laptop,Electronics,4,20.94,2024-06-23 21:55:21.704436,21,North
O0708,Shoes,Accessories,1,47.29,2024-10-09 21:55:21.704461,22,West
O0709,Shoes,Accessories,4,84.87,2024-01-01 21:55:21.704490,35,South
O0710,Smartphone,Electronics,2,85.18,2024-05-14 21:55:21.704525,18,North
O0711,Laptop,Electronics,3,98.11,2024-02-01 21:55:21.704574,28,North
O0712,Smartphone,Electronics,2,48.42,2024-11-07 21:55:21.704604,51,East
O0713,Smartphone,Electronics,4,30.17,2024-01-07 21:55:21.704633,51,South
O0714,Headphones,Accessories,4,64.0,2024-11-17 21:55:21.704661,35,South
O0715,Pants,Accessories,1,18.94,2024-05-26 21:55:21.704691,46,East
O0716,Pants,Electronics,1,50.17,2024-07-17 21:55:21.704719,58,South
O0717,Smartphone,Fashion,3,23.03,2024-07-03 21:55:21.704751,40,West
O0718,Smartphone,Accessories,4,86.44,2024-10-26 21:55:21.704806,47,South
O0719,Watch,Accessories,4,45.8,2024-02-09 21:55:21.704856,57,East
O0720,Smartphone,Fashion,1,52.41,2024-07-09 21:55:21.704897,37,East
O0721,T-Shirt,Electronics,2,50.25,2024-03-22 21:55:21.704939,21,North
O0722,T-Shirt,Electronics,3,52.58,2024-06-28 21:55:21.704988,46,East
O0723,Watch,Fashion,2,11.66,2024-03-07 21:55:21.705037,41,West
O0724,Headphones,Electronics,4,67.57,2024-10-11 21:55:21.705089,48,South
O0725,Smartphone,Accessories,2,43.17,2024-12-01 21:55:21.705137,37,South
O0726,T-Shirt,Fashion,3,36.42,2024-02-20 21:55:21.705271,31,West
O0727,Smartphone,Accessories,4,21.79,2024-03-18 21:55:21.705511,24,West
O0728,Pants,Accessories,4,47.64,2024-12-18 21:55:21.705555,20,South
O0729,Watch,Accessories,4,37.55,2024-01-11 21:55:21.705589,52,South
O0730,Headphones,Accessories,1,99.58,2024-11-15 21:55:21.705614,41,South
O0731,Pants,Electronics,2,82.32,2024-01-29 21:55:21.705639,55,North
O0732,Smartphone,Accessories,3,43.59,2024-10-02 21:55:21.705666,53,East
O0733,T-Shirt,Accessories,1,43.28,2024-07-17 21:55:21.705709,59,North
O0734,Shoes,Fashion,2,53.46,2024-05-15 21:55:21.705755,23,West
O0735,Shoes,Electronics,4,69.42,2024-03-29 21:55:21.705903,28,South
O0736,Headphones,Electronics,4,51.69,2024-03-01 21:55:21.706029,42,East
O0737,Watch,Electronics,4,48.88,2024-01-12 21:55:21.706080,52,South
O0738,Watch,Accessories,2,94.29,2024-12-10 21:55:21.706113,27,South
O0739,Headphones,Fashion,4,97.9,2024-02-10 21:55:21.706139,44,North
O0740,Watch,Accessories,2,96.36,2024-09-08 21:55:21.706164,32,West
O0741,Laptop,Electronics,1,84.27,2024-08-29 21:55:21.706190,38,East
O0742,Headphones,Fashion,1,68.31,2024-09-29 21:55:21.706219,31,East
O0743,Pants,Fashion,4,54.29,2024-11-10 21:55:21.706264,38,South
O0744,Laptop,Fashion,1,53.25,2023-12-28 21:55:21.706311,34,West
O0745,Pants,Accessories,1,75.94,2024-08-25 21:55:21.706357,32,West
O0746,Smartphone,Accessories,2,16.97,2024-03-17 21:55:21.706406,47,West
O0747,Shoes,Fashion,4,58.13,2024-08-20 21:55:21.706459,52,South
O0748,Shoes,Accessories,3,20.27,2024-07-06 21:55:21.706512,43,North
O0749,Watch,Electronics,3,32.11,2024-07-15 21:55:21.706568,45,West
O0750,Laptop,Accessories,2,42.7,2024-10-30 21:55:21.706628,59,South
O0751,Smartphone,Fashion,3,47.14,2024-01-07 21:55:21.706679,36,East
O0752,Shoes,Accessories,3,63.78,2024-03-27 21:55:21.706715,39,South
O0753,Watch,Fashion,4,98.63,2024-08-28 21:55:21.706747,56,East
O0754,T-Shirt,Electronics,2,87.99,2023-12-31 21:55:21.706786,27,West
O0755,Shoes,Electronics,3,99.83,2024-09-24 21:55:21.706842,48,South
O0756,Watch,Accessories,4,39.53,2024-01-16 21:55:21.706900,57,South
O0757,Smartphone,Accessories,4,16.74,2024-07-11 21:55:21.706971,27,South
O0758,Shoes,Electronics,3,45.78,2024-05-15 21:55:21.707035,51,South
O0759,Shoes,Fashion,4,60.2,2024-07-01 21:55:21.707095,35,South
O0760,Pants,Electronics,3,63.45,2024-04-23 21:55:21.707150,38,East
O0761,T-Shirt,Electronics,3,96.64,2024-11-06 21:55:21.707204,18,South
O0762,Pants,Accessories,4,92.25,2024-05-30 21:55:21.707263,27,East
O0763,Shoes,Electronics,4,28.12,2024-06-10 21:55:21.707316,42,North
O0764,Headphones,Electronics,2,40.88,2024-11-07 21:55:21.707347,57,North
O0765,Pants,Accessories,1,71.36,2024-01-03 21:55:21.707378,33,South
O0766,Headphones,Electronics,4,63.64,2024-08-04 21:55:21.707404,47,East
O0767,Shoes,Fashion,2,75.47,2024-03-02 21:55:21.707432,38,West
O0768,Headphones,Fashion,1,46.3,2024-08-18 21:55:21.707459,35,North
O0769,Smartphone,Electronics,2,72.34,2024-06-06 21:55:21.707487,34,North
O0770,Laptop,Electronics,4,24.78,2024-06-05 21:55:21.707513,38,North
O0771,Shoes,Accessories,3,94.07,2024-03-30 21:55:21.707541,52,South
O0772,T-Shirt,Electronics,2,89.33,2024-11-07 21:55:21.707569,40,South
O0773,Watch,Fashion,3,56.23,2024-12-14 21:55:21.707596,54,North
O0774,Headphones,Accessories,1,65.6,2024-07-20 21:55:21.707627,53,North
O0775,Smartphone,Electronics,2,26.87,2024-10-21 21:55:21.707656,25,North
O0776,Headphones,Accessories,2,69.86,2024-09-22 21:55:21.707684,48,South
O0777,Laptop,Accessories,3,47.61,2024-02-29 21:55:21.707714,57,South
O0778,Laptop,Electronics,3,33.96,2024-04-26 21:55:21.707743,35,West
O0779,Watch,Accessories,3,85.99,2024-03-21 21:55:21.707773,25,South
O0780,Headphones,Accessories,1,50.05,2024-04-04 21:55:21.707802,27,East
O0781,Pants,Fashion,3,96.28,2024-10-05 21:55:21.707832,43,West
O0782,Shoes,Fashion,1,21.42,2024-08-10 21:55:21.707862,36,West
O0783,Laptop,Fashion,2,91.19,2024-01-24 21:55:21.707894,46,East
O0784,Watch,Electronics,4,26.69,2024-02-20 21:55:21.707922,26,East
O0785,Pants,Fashion,3,22.92,2024-01-30 21:55:21.707951,48,West
O0786,Shoes,Accessories,3,39.0,2024-09-22 21:55:21.707980,53,East
O0787,Shoes,Electronics,3,11.58,2024-06-07 21:55:21.708009,51,West
O0788,Smartphone,Electronics,4,93.53,2024-02-22 21:55:21.708038,41,West
O0789,Smartphone,Accessories,4,76.12,2024-07-08 21:55:21.708066,53,East
O0790,T-Shirt,Accessories,1,90.83,2024-11-09 21:55:21.708095,37,East
O0791,T-Shirt,Electronics,3,30.92,2024-02-13 21:55:21.708123,47,South
O0792,T-Shirt,Accessories,2,15.59,2024-01-31 21:55:21.708151,37,South
O0793,Watch,Fashion,1,72.29,2024-08-12 21:55:21.708179,50,West
O0794,Shoes,Fashion,4,30.26,2024-06-12 21:55:21.708208,48,West
O0795,T-Shirt,Electronics,4,96.75,2024-02-20 21:55:21.708234,44,West
O0796,Pants,Electronics,3,33.37,2024-08-21 21:55:21.708259,21,North
O0797,T-Shirt,Accessories,3,48.91,2024-02-08 21:55:21.708286,21,North
O0798,Shoes,Electronics,2,45.7,2023-12-28 21:55:21.708315,33,South
O0799,Headphones,Fashion,4,60.97,2024-05-15 21:55:21.708364,41,West
O0800,Watch,Fashion,2,13.81,2024-08-03 21:55:21.708394,30,West
O0801,T-Shirt,Fashion,1,16.69,2024-04-06 21:55:21.708421,47,South
O0802,Laptop,Electronics,4,26.31,2024-06-22 21:55:21.708448,46,North
O0803,Smartphone,Fashion,3,56.55,2024-03-15 21:55:21.708474,23,North
O0804,Watch,Accessories,4,67.4,2024-03-22 21:55:21.708500,19,East
O0805,Headphones,Fashion,4,79.48,2024-05-14 21:55:21.708529,30,South
O0806,Pants,Electronics,2,77.01,2024-07-17 21:55:21.708555,20,East
O0807,Shoes,Accessories,4,97.85,2024-04-07 21:55:21.708581,57,North
O0808,Smartphone,Accessories,3,57.12,2024-03-23 21:55:21.708607,49,South
O0809,Watch,Fashion,4,16.77,2024-10-27 21:55:21.708632,26,West
O0810,T-Shirt,Accessories,3,46.61,2024-02-16 21:55:21.708658,35,South
O0811,T-Shirt,Accessories,4,66.92,2024-07-06 21:55:21.708684,59,North
O0812,Smartphone,Accessories,2,80.61,2024-09-02 21:55:21.708711,53,East
O0813,Watch,Electronics,1,74.03,2024-01-09 21:55:21.708739,58,South
O0814,Pants,Fashion,4,60.2,2024-07-14 21:55:21.708765,46,North
O0815,Headphones,Fashion,4,52.64,2024-09-27 21:55:21.708792,33,South
O0816,Pants,Fashion,3,12.83,2024-12-13 21:55:21.708819,26,East
O0817,Watch,Fashion,2,42.64,2024-12-03 21:55:21.708845,18,North
O0818,Watch,Accessories,2,51.27,2024-05-22 21:55:21.708871,37,South
O0819,Shoes,Electronics,1,96.82,2024-06-11 21:55:21.708897,42,South
O0820,Shoes,Fashion,4,79.31,2024-01-11 21:55:21.708924,56,North
O0821,Headphones,Electronics,1,77.7,2024-11-26 21:55:21.708951,44,North
O0822,Smartphone,Accessories,1,66.15,2024-03-18 21:55:21.708980,41,South
O0823,Smartphone,Fashion,1,14.49,2024-08-24 21:55:21.709007,29,West
O0824,Shoes,Fashion,3,98.43,2024-10-27 21:55:21.709033,58,North
O0825,T-Shirt,Electronics,3,58.17,2024-10-13 21:55:21.709060,25,North
O0826,Laptop,Accessories,3,47.89,2024-09-08 21:55:21.709086,58,South
O0827,Shoes,Electronics,2,60.78,2024-07-12 21:55:21.709112,32,West
O0828,Smartphone,Fashion,1,20.57,2024-02-16 21:55:21.709140,33,East
O0829,Watch,Electronics,3,76.59,2024-07-29 21:55:21.709166,29,East
O0830,T-Shirt,Accessories,3,94.46,2024-02-22 21:55:21.709193,27,South
O0831,Smartphone,Fashion,1,44.55,2024-05-02 21:55:21.709219,59,South
O0832,Headphones,Electronics,4,13.01,2024-01-12 21:55:21.709244,44,West
O0833,Laptop,Accessories,1,95.64,2024-09-11 21:55:21.709270,49,East
O0834,Pants,Electronics,3,29.47,2024-07-09 21:55:21.709296,24,South
O0835,Shoes,Electronics,3,88.74,2024-09-03 21:55:21.709322,37,North
O0836,Watch,Accessories,1,67.08,2024-05-31 21:55:21.709348,34,East
O0837,Smartphone,Fashion,4,26.78,2024-11-24 21:55:21.709374,26,South
O0838,Pants,Electronics,3,17.17,2024-08-09 21:55:21.709401,58,South
O0839,Smartphone,Electronics,2,31.28,2024-05-27 21:55:21.709428,18,West
O0840,Pants,Accessories,4,52.24,2024-01-25 21:55:21.709455,51,South
O0841,Pants,Fashion,4,51.23,2024-01-03 21:55:21.709481,39,West
O0842,Headphones,Electronics,4,39.57,2024-01-14 21:55:21.709508,42,East
O0843,T-Shirt,Fashion,2,34.31,2024-11-22 21:55:21.709534,59,West
O0844,Pants,Fashion,1,73.06,2024-03-02 21:55:21.709560,29,East
O0845,Laptop,Electronics,2,42.1,2024-08-02 21:55:21.709587,18,South
O0846,Laptop,Electronics,4,13.64,2024-11-02 21:55:21.709613,47,North
O0847,Watch,Electronics,3,91.04,2024-10-06 21:55:21.709639,41,West
O0848,Headphones,Accessories,1,40.57,2024-08-19 21:55:21.709666,37,West
O0849,Smartphone,Electronics,4,22.37,2024-01-03 21:55:21.709693,43,North
O0850,Watch,Electronics,1,20.55,2024-03-30 21:55:21.709718,31,North
O0851,Pants,Electronics,4,86.97,2024-12-01 21:55:21.709745,55,South
O0852,Pants,Electronics,3,18.83,2024-08-18 21:55:21.709771,54,North
O0853,Watch,Electronics,1,12.74,2024-12-12 21:55:21.709798,55,South
O0854,T-Shirt,Accessories,1,21.01,2024-02-29 21:55:21.709823,27,North
O0855,Watch,Accessories,4,72.13,2024-10-01 21:55:21.709848,22,South
O0856,T-Shirt,Accessories,4,80.65,2024-11-27 21:55:21.709874,50,North
O0857,Laptop,Electronics,2,89.46,2024-12-06 21:55:21.709900,43,North
O0858,Watch,Electronics,1,40.32,2024-04-18 21:55:21.709928,20,South
O0859,Pants,Electronics,3,81.83,2024-11-06 21:55:21.709953,40,North
O0860,Smartphone,Fashion,2,44.94,2024-03-25 21:55:21.709979,27,West
O0861,Smartphone,Accessories,1,16.33,2024-08-19 21:55:21.710006,57,North
O0862,Pants,Electronics,2,42.94,2024-02-27 21:55:21.710034,46,North
O0863,T-Shirt,Accessories,1,44.94,2024-06-20 21:55:21.710062,18,West
O0864,Smartphone,Fashion,3,85.41,2024-05-16 21:55:21.710088,43,West
O0865,T-Shirt,Fashion,4,20.13,2024-09-30 21:55:21.710114,50,South
O0866,Watch,Fashion,1,96.76,2024-02-24 21:55:21.710141,29,West
O0867,Headphones,Electronics,3,57.26,2024-02-01 21:55:21.710167,21,North
O0868,Headphones,Electronics,1,61.42,2024-04-26 21:55:21.710194,21,North
O0869,T-Shirt,Accessories,2,57.32,2024-01-24 21:55:21.710219,24,West
O0870,Watch,Fashion,1,28.96,2024-09-30 21:55:21.710245,23,North
O0871,Laptop,Electronics,1,35.58,2024-03-02 21:55:21.710270,25,South
O0872,Shoes,Accessories,3,14.67,2024-01-06 21:55:21.710296,31,West
O0873,Watch,Accessories,3,34.62,2024-07-12 21:55:21.710322,40,North
O0874,T-Shirt,Fashion,3,79.56,2024-03-20 21:55:21.710348,59,South
O0875,Smartphone,Electronics,2,74.81,2024-09-11 21:55:21.710373,52,South
O0876,Laptop,Accessories,3,92.45,2024-05-03 21:55:21.710400,28,South
O0877,Headphones,Accessories,3,13.88,2024-06-13 21:55:21.710427,28,South
O0878,Smartphone,Electronics,2,70.17,2024-01-10 21:55:21.710452,26,North
O0879,T-Shirt,Fashion,2,75.42,2024-12-09 21:55:21.710477,38,West
O0880,T-Shirt,Fashion,2,12.03,2024-02-04 21:55:21.710502,29,West
O0881,Pants,Electronics,2,67.77,2024-09-24 21:55:21.710527,21,East
O0882,Shoes,Fashion,3,79.93,2024-03-14 21:55:21.710553,55,South
O0883,Pants,Accessories,4,49.98,2024-01-09 21:55:21.710579,22,North
O0884,Pants,Electronics,1,31.93,2024-09-18 21:55:21.710604,57,West
O0885,Watch,Fashion,2,23.79,2024-05-10 21:55:21.710630,50,East
O0886,Headphones,Fashion,1,16.68,2024-12-12 21:55:21.710664,59,North
O0887,Watch,Fashion,4,97.41,2023-12-31 21:55:21.710694,19,East
O0888,Watch,Fashion,2,11.87,2024-05-11 21:55:21.710734,43,East
O0889,Headphones,Accessories,1,78.47,2024-09-19 21:55:21.710783,38,North
O0890,Pants,Fashion,3,67.5,2024-03-03 21:55:21.710839,41,West
O0891,Headphones,Electronics,2,77.21,2024-12-06 21:55:21.710889,46,East
O0892,Laptop,Fashion,4,62.8,2024-05-15 21:55:21.710938,31,West
O0893,Headphones,Fashion,1,73.47,2024-01-18 21:55:21.710984,30,East
O0894,Shoes,Accessories,4,19.7,2024-09-04 21:55:21.711032,27,South
O0895,Laptop,Electronics,3,31.3,2024-09-20 21:55:21.711082,52,South
O0896,T-Shirt,Accessories,1,32.91,2024-07-06 21:55:21.711133,27,West
O0897,Smartphone,Accessories,4,74.95,2024-03-13 21:55:21.711289,20,West
O0898,Laptop,Accessories,1,48.08,2024-01-29 21:55:21.711409,40,South
O0899,T-Shirt,Fashion,2,99.5,2024-09-09 21:55:21.711462,47,North
O0900,Pants,Electronics,3,17.14,2024-10-30 21:55:21.711514,53,North
O0901,Laptop,Electronics,1,78.07,2024-06-30 21:55:21.711556,44,West
O0902,Shoes,Accessories,4,46.47,2024-03-05 21:55:21.711599,57,East
O0903,Watch,Accessories,3,29.5,2024-08-29 21:55:21.711644,55,South
O0904,T-Shirt,Accessories,2,32.62,2024-10-15 21:55:21.711685,32,North
O0905,Headphones,Electronics,2,19.01,2024-05-22 21:55:21.711728,51,East
O0906,Headphones,Accessories,1,62.94,2024-04-23 21:55:21.711772,26,East
O0907,Laptop,Electronics,1,38.16,2024-08-04 21:55:21.711811,45,West
O0908,Headphones,Fashion,2,16.24,2024-08-24 21:55:21.711852,49,West
O0909,Watch,Fashion,1,79.18,2024-01-21 21:55:21.711892,33,West
O0910,Headphones,Fashion,4,62.17,2024-04-28 21:55:21.711967,50,North
O0911,Laptop,Accessories,4,81.08,2024-03-13 21:55:21.712009,27,East
O0912,Laptop,Electronics,2,97.61,2024-01-09 21:55:21.712054,49,North
O0913,Shoes,Accessories,4,64.28,2024-08-05 21:55:21.712094,47,East
O0914,Watch,Fashion,1,71.48,2024-06-07 21:55:21.712131,55,North
O0915,Pants,Electronics,1,51.44,2024-07-09 21:55:21.712167,34,North
O0916,T-Shirt,Electronics,2,81.5,2024-11-15 21:55:21.712202,49,West
O0917,Smartphone,Fashion,3,38.64,2024-05-15 21:55:21.712239,34,South
O0918,T-Shirt,Accessories,2,13.65,2024-09-05 21:55:21.712279,51,East
O0919,Smartphone,Fashion,1,19.53,2024-03-02 21:55:21.712318,38,East
O0920,Laptop,Accessories,4,56.24,2024-10-06 21:55:21.712357,43,South
O0921,Headphones,Electronics,4,96.82,2024-01-18 21:55:21.712397,33,West
O0922,Headphones,Electronics,4,63.92,2024-08-09 21:55:21.712436,46,North
O0923,Shoes,Accessories,1,27.81,2024-08-16 21:55:21.712479,37,South
O0924,Pants,Accessories,4,19.49,2024-08-10 21:55:21.712522,27,North
O0925,Laptop,Accessories,1,11.49,2024-05-15 21:55:21.712564,55,North
O0926,T-Shirt,Fashion,3,89.7,2024-07-14 21:55:21.712603,23,East
O0927,Laptop,Accessories,3,19.37,2024-11-16 21:55:21.712643,18,North
O0928,Pants,Electronics,1,60.58,2024-03-19 21:55:21.712686,29,East
O0929,Laptop,Accessories,1,29.96,2024-05-02 21:55:21.712725,49,East
O0930,Watch,Electronics,1,47.89,2024-04-22 21:55:21.712762,55,West
O0931,Pants,Electronics,2,66.87,2024-07-07 21:55:21.712798,56,North
O0932,T-Shirt,Electronics,3,64.57,2024-08-09 21:55:21.712835,40,South
O0933,Shoes,Electronics,2,99.01,2024-02-17 21:55:21.712889,50,South
O0934,Watch,Electronics,2,20.54,2024-04-29 21:55:21.712980,29,South
O0935,Smartphone,Electronics,2,32.32,2024-06-01 21:55:21.713021,54,West
O0936,Shoes,Electronics,2,65.72,2024-07-10 21:55:21.713065,40,East
O0937,Headphones,Accessories,3,35.63,2024-05-17 21:55:21.713104,38,South
O0938,Shoes,Electronics,4,42.1,2024-07-05 21:55:21.713144,20,North
O0939,Smartphone,Accessories,3,31.16,2024-06-07 21:55:21.713198,27,South
O0940,Smartphone,Electronics,4,55.41,2024-03-06 21:55:21.713244,23,West
O0941,Shoes,Fashion,1,18.38,2024-02-10 21:55:21.713286,46,North
O0942,Watch,Electronics,1,29.61,2024-12-25 21:55:21.713329,57,West
O0943,Pants,Fashion,4,84.28,2024-04-26 21:55:21.713373,57,West
O0944,T-Shirt,Electronics,4,25.41,2024-08-08 21:55:21.713443,18,North
O0945,Shoes,Fashion,4,92.7,2024-05-02 21:55:21.713506,30,North
O0946,Laptop,Electronics,2,91.89,2024-08-24 21:55:21.713558,31,South
O0947,Shoes,Accessories,4,35.8,2024-08-07 21:55:21.713612,37,North
O0948,Laptop,Electronics,2,39.35,2024-09-09 21:55:21.713651,46,North
O0949,Headphones,Fashion,1,18.11,2024-03-14 21:55:21.713705,56,South
O0950,T-Shirt,Fashion,4,60.04,2024-10-05 21:55:21.713747,30,East
O0951,Pants,Electronics,4,75.69,2024-05-25 21:55:21.713800,30,East
O0952,Smartphone,Fashion,1,66.74,2024-02-10 21:55:21.713845,53,South
O0953,T-Shirt,Electronics,2,72.02,2024-06-28 21:55:21.713901,55,West
O0954,Smartphone,Electronics,4,11.19,2024-07-27 21:55:21.713979,40,North
O0955,T-Shirt,Fashion,4,37.56,2024-04-15 21:55:21.714023,33,East
O0956,Shoes,Electronics,1,42.75,2024-11-25 21:55:21.714071,21,North
O0957,Pants,Fashion,2,62.0,2024-07-22 21:55:21.714117,26,East
O0958,Shoes,Fashion,4,46.77,2024-12-15 21:55:21.714161,28,South
O0959,T-Shirt,Fashion,3,79.84,2024-02-17 21:55:21.714202,53,East
O0960,Watch,Electronics,1,26.53,2024-02-06 21:55:21.714245,24,South
O0961,Pants,Accessories,1,47.13,2024-07-25 21:55:21.714287,50,East
O0962,T-Shirt,Electronics,1,32.26,2024-02-07 21:55:21.714326,41,East
O0963,Laptop,Electronics,2,37.82,2024-06-05 21:55:21.714381,43,North
O0964,Shoes,Accessories,1,79.47,2024-10-08 21:55:21.714426,59,West
O0965,Shoes,Fashion,1,63.92,2024-05-02 21:55:21.714473,53,East
O0966,Headphones,Accessories,1,50.35,2024-07-09 21:55:21.714530,18,West
O0967,Smartphone,Accessories,2,87.57,2024-03-10 21:55:21.714582,56,West
O0968,Pants,Accessories,2,95.77,2024-07-23 21:55:21.714633,57,South
O0969,Pants,Fashion,4,72.93,2024-06-10 21:55:21.714683,37,North
O0970,Smartphone,Accessories,1,17.43,2024-04-05 21:55:21.714723,32,West
O0971,Shoes,Electronics,1,16.31,2024-10-04 21:55:21.714764,23,East
O0972,Headphones,Electronics,2,29.0,2024-03-26 21:55:21.714805,59,South
O0973,Laptop,Fashion,1,64.9,2024-10-22 21:55:21.714847,55,East
O0974,Laptop,Accessories,1,22.91,2024-12-22 21:55:21.714893,20,West
O0975,T-Shirt,Electronics,4,72.84,2024-07-31 21:55:21.714965,56,North
O0976,Laptop,Electronics,3,89.41,2024-01-31 21:55:21.715014,55,South
O0977,Headphones,Electronics,1,13.24,2024-07-11 21:55:21.715075,50,West
O0978,Smartphone,Fashion,3,20.81,2024-09-07 21:55:21.715128,26,East
O0979,Shoes,Fashion,1,28.01,2024-06-30 21:55:21.715174,21,East
O0980,Shoes,Electronics,2,96.0,2024-11-21 21:55:21.715220,39,South
O0981,Pants,Accessories,4,68.31,2024-09-16 21:55:21.715265,45,North
O0982,Headphones,Accessories,4,86.93,2024-01-21 21:55:21.715319,37,South
O0983,Watch,Fashion,2,89.66,2024-08-25 21:55:21.715374,47,West
O0984,Smartphone,Electronics,3,14.02,2024-03-28 21:55:21.715429,52,East
O0985,Smartphone,Fashion,3,18.93,2024-01-19 21:55:21.715474,56,South
O0986,T-Shirt,Fashion,2,76.9,2024-11-30 21:55:21.715516,55,North
O0987,T-Shirt,Fashion,2,62.84,2024-11-30 21:55:21.715578,52,South
O0988,Pants,Accessories,2,67.08,2024-05-06 21:55:21.715626,30,North
O0989,Watch,Fashion,4,51.63,2024-05-10 21:55:21.715671,22,West
O0990,Pants,Fashion,4,18.15,2024-08-10 21:55:21.715729,56,South
O0991,T-Shirt,Electronics,4,99.36,2024-03-16 21:55:21.715773,25,North
O0992,Shoes,Fashion,2,72.48,2024-05-01 21:55:21.715819,51,South
O0993,Pants,Accessories,4,26.25,2024-05-25 21:55:21.715860,53,South
O0994,Watch,Electronics,4,49.47,2024-01-02 21:55:21.715901,54,West
O0995,Shoes,Fashion,3,47.48,2024-02-17 21:55:21.715955,43,East
O0996,Pants,Accessories,3,22.36,2024-12-18 21:55:21.715995,24,West
O0997,Shoes,Accessories,4,80.47,2024-10-05 21:55:21.716033,57,South
O0998,Laptop,Electronics,4,55.08,2024-09-21 21:55:21.716072,19,North
O0999,Laptop,Accessories,3,20.48,2024-04-26 21:55:21.716112,54,North
O1000,Headphones,Fashion,1,99.95,2024-06-30 21:55:21.716152,27,South
